type,code,sample,Dbirth,Dcoll,d14C,e14C,N_cells,pathology,sex,subject_age,ploidy
unsorted,PH95,HL#10,1932.916666666667,2017.583333333333,0.013,0.0046,,T,M,84.66666666666606,2n4n
non-hepatocyte,PH94,HL#10,1932.916666666667,2017.583333333333,0.0165,0.00715,34.0,T,M,84.66666666666606,2n4n
hepatocyte,MK 3,HL#11,1975.333333333333,2017.75,0.01295866666666666,0.0064,77.0,T,F,42.41666666666697,2n
hepatocyte,MK 4,HL#11,1975.333333333333,2017.75,0.04159044444444444,0.006849999999999999,12.0,T,F,42.41666666666697,4n
hepatocyte,MK 7,HL#12,1947.833333333333,2017.916666666667,0.0246,0.0066,59.0,T,F,70.08333333333394,2n4n
unsorted,MK 5,HL#12,1947.833333333333,2017.916666666667,0.0192,0.006549999999999999,,T,F,70.08333333333394,2n4n
unsorted,MK 8,HL#13,1961.416666666667,2017.916666666667,0.08979999999999999,0.0064,,C,F,56.5,2n4n
hepatocyte,PH223,HL#14,1943.0,2018.0,0.07402,0.011630000000000001,54.0,Y,F,75.0,2n4n
unsorted,PH87,HL#3,1951.333333333333,2017.333333333333,0.026699999999999998,0.00435,,C,M,66.0,2n4n
hepatocyte,PH85,HL#3,1951.333333333333,2017.333333333333,0.0228,0.00445,96.0,C,M,66.0,2n4n
unsorted,PH105,HL#4,1949.916666666667,2017.333333333333,0.0257,0.00545,,C,M,67.41666666666606,2n4n
unsorted,PH24,HL#5,1952.916666666667,2017.416666666667,0.0414,0.0095,,C,M,64.5,2n4n
non-hepatocyte,PH23,HL#5,1952.916666666667,2017.416666666667,0.04150575,0.0135,59.0,C,M,64.5,2n4n
hepatocyte,PH22,HL#5,1952.916666666667,2017.416666666667,0.0395985,0.0085,122.0,C,M,64.5,2n4n
hepatocyte,PH79,HL#6,1958.166666666667,2017.416666666667,0.0050999999999999995,0.0063,52.0,C,F,59.25,2n4n
unsorted,PH81,HL#6,1958.166666666667,2017.416666666667,0.0263,0.00445,,C,F,59.25,2n4n
hepatocyte,PH96,HL#7,1935.416666666667,2017.5,0.0312,0.0076500000000000005,30.0,T,F,82.08333333333303,2n4n
unsorted,PH97,HL#7,1935.416666666667,2017.5,0.0256,0.00785,,T,F,82.08333333333303,2n4n
hepatocyte,PH82,HL#8,1959.333333333333,2017.5,0.0065541666666666665,0.00435,127.0,T,M,58.16666666666697,2n4n
non-hepatocyte,PH83,HL#8,1959.333333333333,2017.5,0.05089366666666667,0.0074,44.0,T,M,58.16666666666697,2n4n
unsorted,PH84,HL#8,1959.333333333333,2017.5,0.0263,0.00445,,T,M,58.16666666666697,2n4n
non-hepatocyte,PH107,HL#9,1945.833333333333,2017.5,0.0074,0.00715,42.0,C,M,71.66666666666697,2n4n
unsorted,PH108,HL#9,1945.833333333333,2017.5,0.004900000000000001,0.0075,,C,M,71.66666666666697,2n4n
unsorted,PH58,ND022,1946.5,2004.833333333333,0.0772,0.0058,,N,M,58.33333333333303,2n4n
hepatocyte,PH6,ND022,1946.5,2004.833333333333,0.07500138527837395,0.004710981089877268,62.0,N,M,58.33333333333303,2n4n
hepatocyte,PH221,ND022,1946.5,2004.833333333333,0.07862999999999999,0.00862,52.0,N,M,58.33333333333303,2n
unsorted,PH59,ND023,1945.833333333333,2004.833333333333,0.08120000000000001,0.0044,,N,M,59.0,2n4n
hepatocyte,PH109,ND023,1945.833333333333,2004.833333333333,0.09405428292682926,0.0052,69.0,N,M,59.0,2n
hepatocyte,PH112,ND023,1945.833333333333,2004.833333333333,0.106270230894309,0.0058,23.0,N,M,59.0,4n
hepatocyte,PH7,ND023,1945.833333333333,2004.833333333333,0.09035128882553155,0.004395361737034217,70.0,N,M,59.0,2n4n
hepatocyte,MK21,ND252,1975.083333333333,2012.416666666667,0.0887,0.00615,68.0,N,M,37.33333333333394,2n4n
hepatocyte,PH220,ND252,1975.083333333333,2012.416666666667,0.1059955254351266,0.0062,20.0,N,M,37.33333333333394,4n
hepatocyte,PH219,ND252,1975.083333333333,2012.416666666667,0.08640437591546113,0.00554,62.0,N,M,37.33333333333394,2n
hepatocyte,MK25,ND253,1978.833333333333,2012.416666666667,0.0737,0.0023,94.0,N,F,33.58333333333394,2n
hepatocyte,PH114,ND253,1978.833333333333,2012.416666666667,0.055,0.004,108.0,N,F,33.58333333333394,2n4n
hepatocyte,MK13,ND255,1961.583333333333,2012.5,0.089,0.00595,68.0,N,F,50.91666666666697,2n4n
hepatocyte,MK15,ND255,1961.583333333333,2012.5,0.11321512039290679,0.00645,30.0,N,F,50.91666666666697,4n
hepatocyte,MK14,ND255,1961.583333333333,2012.5,0.07854585274687063,0.00785,64.0,N,F,50.91666666666697,2n
hepatocyte,PH115,ND256,1982.166666666667,2012.5,0.0058,0.009800000000000001,36.0,N,M,30.33333333333303,2n4n
hepatocyte,MK24,ND257,1987.333333333333,2012.5,0.027899999999999998,0.0112,42.0,N,M,25.16666666666697,2n4n
hepatocyte,MK34,ND258,1968.916666666667,2012.5,0.07204767346938777,0.00495,73.0,N,M,43.58333333333303,2n4n
non-hepatocyte,MK33,ND258,1968.916666666667,2012.5,0.05847895918367347,0.00745,61.0,N,M,43.58333333333303,2n4n
hepatocyte,PH138,ND32,1966.416666666667,2005.5,0.0493,0.00495,21.0,Y,M,39.08333333333303,2n4n
hepatocyte,PH11,ND375,1992.5,2016.333333333333,0.0037,0.016,61.0,N,M,23.83333333333303,2n4n
hepatocyte,PH13,ND377,1980.416666666667,2016.416666666667,0.0258,0.011,69.0,Y,M,36.0,2n4n
hepatocyte,PH19,ND380,1942.833333333333,2016.416666666667,0.0675,0.007,129.0,N,F,73.58333333333394,2n4n
unsorted,PH1,ND380,1942.833333333333,2016.416666666667,0.07841560945327619,0.003981435973382518,,N,F,73.58333333333394,2n4n
unsorted,PH60,ND381,1985.166666666667,2016.416666666667,0.0315,0.004,,N,M,31.25,2n4n
hepatocyte,PH42,ND382,1982.083333333333,2016.5,0.032799999999999996,0.0075,99.0,N,F,34.41666666666697,2n4n
unsorted,PH44,ND382,1982.083333333333,2016.5,0.0292,0.005,,N,F,34.41666666666697,2n4n
unsorted,PH61,ND383,1937.583333333333,2016.666666666667,0.0514,0.00715,,N,F,79.08333333333394,2n4n
hepatocyte,PH89,ND383,1937.583333333333,2016.666666666667,0.05211929824561404,0.0048,68.0,N,F,79.08333333333394,2n
hepatocyte,PH90,ND383,1937.583333333333,2016.666666666667,0.0412,0.00525,68.0,N,F,79.08333333333394,2n
hepatocyte,PH91-1,ND383,1937.583333333333,2016.666666666667,0.04854999999999999,0.00535,21.5,N,F,79.08333333333394,4n
non-hepatocyte,PH92,ND383,1937.583333333333,2016.666666666667,0.037700000000000004,0.0069500000000000004,36.0,N,F,79.08333333333394,2n4n
unsorted,PH62,ND385,1951.166666666667,2016.75,0.0644,0.00845,,Y,M,65.58333333333303,2n4n
non-hepatocyte,PH128,ND385,1951.166666666667,2016.75,0.06459999999999999,0.00675,22.0,Y,M,65.58333333333303,2n4n
hepatocyte,PH129,ND386,1976.583333333333,2016.75,0.0338,0.004,68.0,Y,M,40.16666666666697,2n4n
non-hepatocyte,PH35,ND387,1995.333333333333,2016.75,0.014794059344023931,0.021570734544552918,38.0,N,M,21.41666666666697,2n4n
unsorted,PH36,ND387,1995.333333333333,2016.75,0.05930646209915658,0.0138974593183995,,N,M,21.41666666666697,2n4n
hepatocyte,PH34,ND387,1995.333333333333,2016.75,0.026787048859941962,0.01165947787469337,115.0,N,M,21.41666666666697,2n4n
unsorted,PH2,ND388,1991.416666666667,2016.833333333333,0.02525377400834383,0.003912394312048513,,N,M,25.41666666666606,2n4n
unsorted,PH63,ND390,1964.0,2016.916666666667,0.0412,0.006900000000000001,,N,M,52.91666666666697,2n4n
hepatocyte,PH21,ND390,1964.0,2016.916666666667,0.028,0.0095,52.0,N,M,52.91666666666697,2n4n
hepatocyte,PH17,ND392,1971.583333333333,2017.0,0.005806421052631578,0.007,71.0,Y,M,45.41666666666697,2n4n
non-hepatocyte,PH18,ND392,1971.583333333333,2017.0,0.02158331578947369,0.0125,37.0,Y,M,45.41666666666697,2n4n
unsorted,PH64,ND393,1943.333333333333,2017.083333333333,0.0659,0.00495,,N,F,73.75,2n4n
hepatocyte,PH27,ND393,1943.333333333333,2017.083333333333,0.07590000000000001,0.0085,44.0,N,F,73.75,2n4n
hepatocyte,PH25,ND394,1979.25,2017.083333333333,0.0496,0.0095,85.0,Y,M,37.83333333333303,2n4n
unsorted,PH26,ND394,1979.25,2017.083333333333,0.048299999999999996,0.0095,,Y,M,37.83333333333303,2n4n
unsorted,PH73,ND395,1971.083333333333,2017.166666666667,0.078,0.00625,,N,F,46.08333333333394,2n4n
hepatocyte,PH29,ND395,1971.083333333333,2017.166666666667,0.04742462595445708,0.009954101869709181,46.0,N,F,46.08333333333394,2n4n
non-hepatocyte,PH30,ND395,1971.083333333333,2017.166666666667,0.06769550088747099,0.01929395346294409,30.0,N,F,46.08333333333394,2n4n
unsorted,PH74,ND396,1932.583333333333,2017.166666666667,0.0277,0.0045,,Y,M,84.58333333333394,2n4n
hepatocyte,PH38,ND396,1932.583333333333,2017.166666666667,0.032324666666666675,0.0105,47.0,Y,M,84.58333333333394,2n4n
non-hepatocyte,PH39,ND396,1932.583333333333,2017.166666666667,0.01681625,0.0115,71.0,Y,M,84.58333333333394,2n4n
hepatocyte,PH48,ND398,1959.416666666667,2017.25,0.0277,0.004900000000000001,67.0,Y,M,57.83333333333303,2n4n
unsorted,PH75,ND398,1959.416666666667,2017.25,0.0501,0.00405,,Y,M,57.83333333333303,2n4n
hepatocyte,PH65,ND399,1997.333333333333,2017.333333333333,0.0317,0.00405,104.0,N,M,20.0,2n4n
unsorted,PH66,ND399,1997.333333333333,2017.333333333333,0.0353,0.005849999999999999,,N,M,20.0,2n4n
non-hepatocyte,PH50,ND401,1979.833333333333,2017.333333333333,0.08631852631578947,0.0106,20.0,N,M,37.5,2n4n
hepatocyte,PH40,ND401,1979.833333333333,2017.333333333333,0.05179915789473684,0.009,57.0,N,M,37.5,2n4n
unsorted,PH41,ND401,1979.833333333333,2017.333333333333,0.0435,0.01,,N,M,37.5,2n4n
unsorted,PH33,ND402,1953.0,2017.416666666667,0.069085206068914,0.01195847325226934,,N,F,64.41666666666697,2n4n
non-hepatocyte,PH32,ND402,1953.0,2017.416666666667,0.1330275944855955,0.02068183246172563,24.0,N,F,64.41666666666697,2n4n
hepatocyte,PH31,ND402,1953.0,2017.416666666667,0.038223783714888125,0.011572547306102899,99.0,N,F,64.41666666666697,2n4n
unsorted,PH100,ND403,1992.166666666667,2017.416666666667,0.0541,0.004900000000000001,,N,F,25.25,2n4n
hepatocyte,PH98,ND403,1992.166666666667,2017.416666666667,0.046691052631578946,0.00475,58.0,N,F,25.25,2n4n
non-hepatocyte,PH99,ND403,1992.166666666667,2017.416666666667,0.04450726315789472,0.009,51.0,N,F,25.25,2n4n
unsorted,PH52,ND404,1961.583333333333,2017.416666666667,0.0345,0.00615,,N,M,55.83333333333394,2n4n
hepatocyte,PH51,ND404,1961.583333333333,2017.416666666667,0.0298,0.0046500000000000005,65.0,N,M,55.83333333333394,2n4n
non-hepatocyte,PH54,ND405,1951.5,2017.5,0.08805562886597938,0.009800000000000001,28.0,N,M,66.0,2n4n
hepatocyte,PH53,ND405,1951.5,2017.5,0.02095568041237113,0.004200000000000001,75.0,N,M,66.0,2n4n
unsorted,PH76,ND405,1951.5,2017.5,0.0261,0.00535,,N,M,66.0,2n4n
hepatocyte,PH69,ND406,1983.916666666667,2017.5,0.0317,0.01035,104.0,N,M,33.58333333333303,2n4n
unsorted,PH77,ND407,1948.166666666667,2017.5,0.0415,0.004,,N,M,69.33333333333303,2n4n
hepatocyte,PH55,ND407,1948.166666666667,2017.5,0.041299999999999996,0.0046500000000000005,63.0,N,M,69.33333333333303,2n4n
unsorted,PH78,ND408,1975.333333333333,2017.5,0.0484,0.0045,,N,M,42.16666666666697,2n4n
hepatocyte,PH71,ND408,1975.333333333333,2017.5,0.0325,0.00445,71.0,N,M,42.16666666666697,2n4n
hepatocyte,PH117,ND413,1963.583333333333,2017.75,0.0188,0.0066,135.0,N,M,54.16666666666697,2n4n
non-hepatocyte,PH124,ND424,1966.5,2018.333333333333,0.08759790721649485,0.0076500000000000005,46.0,Y,M,51.83333333333303,2n4n
hepatocyte,PH123,ND424,1966.5,2018.333333333333,0.02877649484536082,0.0048,76.0,Y,M,51.83333333333303,2n4n
non-hepatocyte,PH120,ND426,1935.583333333333,2018.333333333333,0.013130625,0.009300000000000001,25.0,N,M,82.75,2n4n
hepatocyte,PH119,ND426,1935.583333333333,2018.333333333333,0.019570125,0.0046,59.0,N,M,82.75,2n4n
hepatocyte,PH132,ND446,1968.083333333333,2018.833333333333,0.027,0.00275,88.0,Y,M,50.75,2n4n
